id,first_name,last_name,email,gender,ip_address
1,Darlleen,Wyett,dwyett0@ox.ac.uk,Female,73.164.242.101
2,Quintin,Everit,qeverit1@cdc.gov,Male,10.116.171.242
3,Andrus,Sey,asey2@mapy.cz,Male,41.213.204.176
4,Tate,Torrie,ttorrie3@ocn.ne.jp,Female,79.203.61.204
5,Helena,Mallett,hmallett4@pbs.org,Female,97.161.234.96
6,Marlon,Felstead,mfelstead5@ed.gov,Male,184.160.31.244
7,Britteny,Girardot,bgirardot6@psu.edu,Female,4.223.241.54
8,Dimitry,Behne,dbehne7@wired.com,Male,22.225.237.142
9,Morgan,Wingatt,mwingatt8@xing.com,Male,255.15.47.6
10,Dougy,Dengate,ddengate9@4shared.com,Male,196.38.71.191
11,Minette,Bosenworth,mbosenwortha@abc.net.au,Female,100.236.70.127
12,Nils,Ferriby,nferribyb@artisteer.com,Male,31.205.69.203
13,Kati,Vautrey,kvautreyc@timesonline.co.uk,Female,12.98.172.195
14,Fredra,Ruggs,fruggsd@cdbaby.com,Female,85.108.156.132
15,Ross,Glasman,rglasmane@accuweather.com,Male,224.113.17.27
16,Sergent,Kolin,skolinf@xing.com,Male,135.168.99.176
17,Hallie,McNelly,hmcnellyg@ihg.com,Female,232.106.207.27
18,Vivien,Wichard,vwichardh@tamu.edu,Female,242.245.255.236
19,Linn,Tappington,ltappingtoni@stumbleupon.com,Male,250.108.212.176
20,Stevy,Lewens,slewensj@huffingtonpost.com,Male,136.86.211.33
